url;id;first_price;first_date;price_0;date_0;discount_0;exposition_days;unit_price_0;expected_discount;etalon_discount;effective_discount;bargaining;total_discount;price;unit_price;is_free;is_mortgage;address_full;address_region;address_district;address_city;address_street;address_number;rooms;is_isolated;square_total;square_living;square_kitchen;ratio_liv_tot;ratio_kit_tot;floor;floors;is_first;is_last;is_block;is_brick;is_panel;is_cast_in_place;year;age;is_chattels;latitude;longitude;is_nice_view;is_two-sided;finishing;is_without_renovation;is_basic_renovation;is_improved_renovation;is_design_renovation;has_loggia;has_balcony;has_balcony_or_loggia;number_of_balconies;is_view_to_street;is_view_to_courtyard;is_view_to_both;is_view_undefined;bathroom;height;has_name;is_elevators
https://www.cian.ru/sale/flat/285076029;c_285076029;5650000;2023-03-21;5450000;2023-05-16;0.965;56;134567.9;0.969;0.964;0.964;0.835;0.805;4386923;108319.09;0;1;Ленинградская область, Кировский район, Кировск, бульвар Партизанской Славы, 3;Ленинградская область;Кировский район;Кировск;бульвар Партизанской Славы;3;1;1;40.5;18;10;0.444;0.247;9;16;0;0;0;0;1;0;2016;7;1;59.884975;30.992156;1;0;1;0;1;0;0;1;0;1;1;0;1;0;0;1;2.7;1;2
https://www.cian.ru/sale/flat/282547075;c_282547075;3120000;2023-01-17;2950000;2023-05-16;0.946;119;148241.21;0.958;0.964;0.946;0.835;0.79;2330234.5;117097.21;1;0;Ленинградская область, Кировский район, Кировск, Советская улица, 41;Ленинградская область;Кировский район;Кировск;Советская улица;41;0;1;19.9;13.9;1;0.343;0.025;3;9;0;0;0;0;1;0;2018;5;0;59.877452;31.005101;0;0;1;0;1;0;0;0;0;0;0;0;1;0;0;0.5;2.7;1;2
https://www.cian.ru/sale/flat/283392988;c_283392988;3290000;2023-02-07;3249000;2023-05-16;0.988;98;101531.25;0.96;0.964;0.964;0.835;0.805;2615250.06;81726.56;1;1;Ленинградская область, Кировский район, Кировск, бульвар Партизанской Славы, 1;Ленинградская область;Кировский район;Кировск;бульвар Партизанской Славы;1;0;1;32;20;5.5;0.494;0.136;16;17;0;0;0;0;0;1;2021;2;0;59.885638;30.990359;0;0;0;1;0;0;0;1;0;1;1;0;1;0;0;0.5;2.7;1;0
https://www.cian.ru/sale/flat/286475338;c_286475338;3300000;2023-05-11;3300000;2023-05-16;1;5;103125;1.006;0.964;0.964;0.835;0.805;2656302;83009.44;1;0;Ленинградская область, Кировский район, Кировск, бульвар Партизанской Славы, 1;Ленинградская область;Кировский район;Кировск;бульвар Партизанской Славы;1;0;1;32;20;1;0.494;0.025;14;16;0;0;0;0;0;1;2019;4;0;59.885638;30.990359;0;0;0;1;0;0;0;1;0;1;1;0;1;0;0;0.5;2.7;1;2
https://www.cian.ru/sale/flat/278658394;c_278658394;3600000;2022-09-27;3400000;2023-05-16;0.944;231;106583.07;0.947;0.964;0.944;0.835;0.788;2680016;84013.04;1;1;Ленинградская область, Кировский район, Кировск, Ладожская улица, 20;Ленинградская область;Кировский район;Кировск;Ладожская улица;20;1;1;31.9;17.9;6.3;0.442;0.156;4;9;0;0;0;0;1;0;1984;39;1;59.886343;31.001193;0;0;1;0;1;0;0;0;0;0;0;0;1;0;0;1;2.5;0;1
https://www.cian.ru/sale/flat/285245246;c_285245246;3450000;2023-05-10;3450000;2023-05-16;1;6;167475.73;1.003;0.964;0.964;0.835;0.805;2777043;134807.91;1;1;Ленинградская область, Кировский район, Кировск, Набережная улица, 19;Ленинградская область;Кировский район;Кировск;Набережная улица;19;0;1;20.6;11.6;4;0.286;0.099;2;6;0;0;0;0;0;1;2015;8;1;59.877931;30.98284;0;0;1;0;1;0;0;0;0;0;0;1;0;0;0;0.5;2.7;1;1
https://www.cian.ru/sale/flat/278234036;c_278234036;4100000;2022-09-13;3490000;2023-05-16;0.851;245;129259.26;0.946;0.964;0.851;0.835;0.711;2479941.65;91849.69;1;1;Ленинградская область, Кировский район, Кировск, Набережная улица, 5;Ленинградская область;Кировский район;Кировск;Набережная улица;5;0;1;27;18;3;0.444;0.074;9;16;0;0;0;0;0;1;2014;9;0;59.886045;30.988401;0;0;1;0;1;0;0;0;0;0;0;0;1;0;0;0.5;2.7;1;1
https://www.cian.ru/sale/flat/279485761;c_279485761;4250000;2022-10-26;3750000;2023-05-16;0.882;202;138376.38;0.949;0.964;0.882;0.835;0.736;2761762.5;101910.06;1;1;Ленинградская область, Кировский район, Кировск, Набережная улица, 17;Ленинградская область;Кировский район;Кировск;Набережная улица;17;0;1;27.1;20;3;0.494;0.074;17;17;0;1;0;1;0;0;2013;10;0;59.880252;30.985634;1;0;1;0;1;0;0;0;1;1;1;0;1;0;0;0.5;2.7;1;1
https://www.cian.ru/sale/flat/286446614;c_286446614;4150000;2023-04-19;3940000;2023-05-16;0.949;27;88738.74;0.98;0.964;0.949;0.835;0.792;3122115.1;70317.91;1;1;Ленинградская область, Кировский район, Кировск, Советская улица, 21;Ленинградская область;Кировский район;Кировск;Советская улица;21;2;1;44.4;27.9;5.4;0.689;0.133;1;5;1;0;0;0;1;0;1970;53;0;59.877019;30.999854;0;0;0;1;0;0;0;0;0;0;0;0;1;0;0;1;2.6;0;0
https://www.cian.ru/sale/flat/286266009;c_286266009;4050000;2023-04-15;4100000;2023-05-16;1.012;31;82164.33;0.978;0.964;0.964;0.835;0.805;3300254;66137.35;1;1;Ленинградская область, Кировский район, Кировск, Набережная улица, 1к2;Ленинградская область;Кировский район;Кировск;Набережная улица;1к2;2;1;49.9;37;6;0.914;0.148;2;5;0;0;0;0;1;0;1971;52;0;59.888717;30.991698;0;1;1;0;1;0;0;0;1;1;1;0;0;0;1;1;2.6;0;0
https://www.cian.ru/sale/flat/286957465;c_286957465;4200000;2023-05-11;4200000;2023-05-16;1;5;135483.87;1.006;0.964;0.964;0.835;0.805;3380748;109056.39;1;1;Ленинградская область, Кировский район, Кировск, Набережная улица, 19;Ленинградская область;Кировский район;Кировск;Набережная улица;19;1;1;31;13;10;0.321;0.247;12;17;0;0;0;0;0;1;2015;8;0;59.877931;30.98284;0;0;1;0;1;0;0;1;0;1;1;0;1;0;0;1;2.7;1;1
https://www.cian.ru/sale/flat/286987636;c_286987636;4450000;2023-05-03;4250000;2023-05-16;0.955;13;159176.03;0.991;0.964;0.955;0.835;0.797;3389056.25;126930.95;0;1;Ленинградская область, Кировский район, Кировск, Набережная улица, 19;Ленинградская область;Кировский район;Кировск;Набережная улица;19;0;1;26.7;18;2.9;0.444;0.072;14;17;0;0;0;0;0;1;2015;8;0;59.877931;30.98284;1;0;3;0;0;0;1;1;0;1;1;1;0;0;0;0.5;2.7;1;2
https://www.cian.ru/sale/flat/284905550;c_284905550;5200000;2023-05-11;5200000;2023-05-16;1;5;86235.49;1.006;0.964;0.964;0.835;0.805;4185688;69414.39;1;0;Ленинградская область, Кировский район, Кировск, Набережная улица, 11;Ленинградская область;Кировский район;Кировск;Набережная улица;11;3;1;60.3;39.7;6.5;0.98;0.16;4;5;0;0;0;1;0;0;1971;52;0;59.883647;30.986622;0;1;1;0;1;0;0;1;0;1;1;0;0;1;0;1;2.6;0;0
https://www.cian.ru/sale/flat/281888459;c_281888459;5850000;2022-12-28;5350000;2023-05-16;0.915;139;108080.81;0.955;0.964;0.915;0.835;0.764;4087533.75;82576.44;1;0;Ленинградская область, Кировский район, Кировск, улица Победы, 5;Ленинградская область;Кировский район;Кировск;улица Победы;5;2;1;49.5;32;9.3;0.79;0.23;3;4;0;0;1;0;0;0;1933;90;1;59.873817;30.985508;0;0;3;0;0;0;1;0;1;1;1;0;1;0;0;0.5;2.5;0;0
https://www.cian.ru/sale/flat/286661404;c_286661404;5400000;2023-05-11;5400000;2023-05-16;1;5;131707.32;1.006;0.964;0.964;0.835;0.805;4346676;106016.49;1;0;Ленинградская область, Кировский район, Кировск, Советская улица, 41;Ленинградская область;Кировский район;Кировск;Советская улица;41;1;1;41;10.2;20;0.252;0.494;6;9;0;0;0;0;0;1;2018;5;0;59.877452;31.005101;0;0;1;0;1;0;0;0;1;1;1;0;0;1;0;1;2.59;1;1
https://www.cian.ru/sale/flat/286555638;c_286555638;5600000;2023-05-10;5600000;2023-05-16;1;6;103703.7;1.003;0.964;0.964;0.835;0.805;4507664;83475.26;1;1;Ленинградская область, Кировский район, Кировск, Новая улица, 11;Ленинградская область;Кировский район;Кировск;Новая улица;11;2;1;54;29.2;8.7;0.721;0.215;1;5;1;0;0;0;1;0;1980;43;0;59.879696;30.994527;0;0;0;1;0;0;0;0;1;1;1;0;0;0;1;1;2.6;0;0
https://www.cian.ru/sale/flat/273118841;c_273118841;6990000;2022-06-03;5600000;2023-05-16;0.801;347;126410.84;0.941;0.964;0.801;0.835;0.669;3745476;84547.99;1;1;Ленинградская область, Кировский район, Кировск, Набережная улица, 5;Ленинградская область;Кировский район;Кировск;Набережная улица;5;1;1;44.3;17;13;0.42;0.321;5;18;0;0;0;0;0;1;2014;9;1;59.886045;30.988401;0;0;2;0;0;1;0;1;0;1;1;0;0;1;0;1;2.7;1;1
https://www.cian.ru/sale/flat/284091929;c_284091929;6100000;2023-02-23;5700000;2023-05-16;0.934;82;105947.96;0.963;0.964;0.934;0.835;0.78;4445373;82627.75;1;1;Ленинградская область, Кировский район, Кировск, Северная улица, 19;Ленинградская область;Кировский район;Кировск;Северная улица;19;2;1;53.8;28.8;8.4;0.711;0.207;3;5;0;0;0;0;1;0;1987;36;0;59.887584;31.000043;0;0;2;0;0;1;0;1;0;1;1;0;1;0;0;1;2.4;0;0
https://www.cian.ru/sale/flat/283919558;c_283919558;7000000;2023-02-19;6300000;2023-05-16;0.9;86;120689.66;0.962;0.964;0.9;0.835;0.752;4734450;90698.28;1;0;Ленинградская область, Кировский район, Кировск, улица Маяковского, 7;Ленинградская область;Кировский район;Кировск;улица Маяковского;7;2;1;52.2;29.7;8;0.733;0.198;2;5;0;0;0;1;0;0;1986;37;1;59.873677;30.997375;0;0;2;0;0;1;0;1;0;1;1;0;0;1;0;1;2.5;0;0
https://www.cian.ru/sale/flat/284086346;c_284086346;7200000;2023-02-23;6800000;2023-05-16;0.944;82;129277.57;0.963;0.964;0.944;0.835;0.788;5360032;101901.75;1;0;Ленинградская область, Кировский район, Кировск, Советская улица, 41;Ленинградская область;Кировский район;Кировск;Советская улица;41;2;1;52.6;27.6;8.2;0.681;0.202;7;9;0;0;0;0;1;0;2018;5;1;59.877452;31.005101;0;0;2;0;0;1;0;0;1;1;1;0;0;1;0;1;2.7;1;2
https://www.cian.ru/sale/flat/279068675;c_279068675;7990000;2022-10-12;7700000;2023-05-16;0.964;216;116666.67;0.948;0.964;0.964;0.835;0.805;6198038;93909.67;1;1;Ленинградская область, Кировский район, Кировск, Набережная улица, 19;Ленинградская область;Кировский район;Кировск;Набережная улица;19;3;1;66;41;13;1.012;0.321;1;17;1;0;0;0;0;1;2015;8;1;59.877931;30.98284;0;1;1;0;1;0;0;0;1;1;1;0;0;0;1;1;2.7;1;2
https://www.cian.ru/sale/flat/282567179;c_282567179;9259000;2023-02-18;8999000;2023-05-16;0.972;87;124986.11;0.962;0.964;0.964;0.835;0.805;7243655.06;100606.32;1;1;Ленинградская область, Кировский район, Кировск, Набережная улица, 19;Ленинградская область;Кировский район;Кировск;Набережная улица;19;3;1;72;36;10.5;0.889;0.259;6;6;0;1;0;0;0;1;2015;8;1;59.877931;30.98284;0;0;2;0;0;1;0;1;0;1;1;0;0;0;1;1;2.7;1;2
https://www.cian.ru/sale/flat/285625357;c_285625357;11500000;2023-04-01;11300000;2023-05-16;0.983;45;144686.3;0.972;0.964;0.964;0.835;0.805;9095822;116463.79;1;1;Ленинградская область, Кировский район, Кировск, бульвар Партизанской Славы, 3;Ленинградская область;Кировский район;Кировск;бульвар Партизанской Славы;3;3;1;78.1;52;13;1.284;0.321;4;17;0;0;0;0;1;0;2016;7;1;59.884975;30.992156;0;0;2;0;0;1;0;0;1;1;1;0;0;0;1;1;2.7;1;0
https://www.cian.ru/sale/flat/279068674;c_279068674;12990000;2022-10-12;12299000;2023-05-16;0.947;216;175700;0.948;0.964;0.947;0.835;0.791;9725372.75;138933.9;1;1;Ленинградская область, Кировский район, Кировск, Набережная улица, 19;Ленинградская область;Кировский район;Кировск;Набережная улица;19;3;1;70;47;15;1.16;0.37;16;17;0;0;0;0;0;1;2015;8;1;59.877931;30.98284;1;0;3;0;0;0;1;0;1;1;1;0;0;0;1;1;2.7;1;2
https://www.cian.ru/sale/flat/285603847;c_285603847;3000000;2023-03-31;2900000;2023-05-16;0.967;46;100000;0.972;0.964;0.964;0.835;0.805;2334326;80494;1;1;Ленинградская область, Кировский район, Кировск, улица Победы, 1;Ленинградская область;Кировский район;Кировск;улица Победы;1;1;1;29;16.6;6.1;0.41;0.151;2;4;0;0;1;0;0;0;1933;90;0;59.874363;30.982858;0;0;1;0;1;0;0;0;0;0;0;0;1;0;0;0.5;2.55;0;0
https://www.cian.ru/sale/flat/260459521;c_260459521;2800000;2021-07-13;3100000;2023-05-16;1.107;672;155000;0.931;0.964;0.964;0.835;0.805;2495314;124765.7;0;1;Ленинградская область, Кировский район, Кировск, Советская улица, 41;Ленинградская область;Кировский район;Кировск;Советская улица;41;0;1;20;11.9;2.2;0.294;0.054;4;10;0;0;0;0;1;0;2018;5;1;59.877452;31.005101;0;0;2;0;0;1;0;0;0;0;0;0;1;0;0;0.5;2.6;1;1
https://www.cian.ru/sale/flat/280034427;c_280034427;3890000;2022-11-12;3499000;2023-05-16;0.899;185;138849.21;0.951;0.964;0.899;0.835;0.751;2626576.84;104229.24;1;1;Ленинградская область, Кировский район, Кировск, Набережная улица, 5;Ленинградская область;Кировский район;Кировск;Набережная улица;5;0;1;25.2;14;3;0.346;0.074;10;16;0;0;0;0;0;1;2014;9;1;59.886045;30.988401;1;0;1;0;1;0;0;1;0;1;1;1;0;0;0;0.5;2.7;1;1
https://www.cian.ru/sale/flat/287146822;c_287146822;3500000;2023-05-08;3500000;2023-05-16;1;8;108359.13;0.999;0.964;0.964;0.835;0.805;2817290;87222.6;1;1;Ленинградская область, Кировский район, Кировск, Северная улица, 15;Ленинградская область;Кировский район;Кировск;Северная улица;15;1;1;32.3;16.9;7.3;0.417;0.18;4;5;0;0;0;0;1;0;1983;40;1;59.887557;30.997644;0;0;0;1;0;0;0;1;0;1;1;0;1;0;0;1;2.6;0;0
https://www.cian.ru/sale/flat/285631424;c_285631424;3560000;2023-05-10;3560000;2023-05-16;1;6;109876.54;1.003;0.964;0.964;0.835;0.805;2865586.4;88444.02;0;1;Ленинградская область, Кировский район, Кировск, улица Пушкина, 10;Ленинградская область;Кировский район;Кировск;улица Пушкина;10;1;1;32.4;19.2;5.4;0.474;0.133;1;3;1;0;0;1;0;0;1959;64;0;59.877452;30.997267;0;0;1;0;1;0;0;0;0;0;0;0;1;0;0;0.5;2.5;0;0
https://www.cian.ru/sale/flat/284124872;c_284124872;3800000;2023-02-25;3650000;2023-05-16;0.961;80;126736.11;0.964;0.964;0.961;0.835;0.802;2928887.75;101697.49;1;1;Ленинградская область, Кировский район, Кировск, бульвар Партизанской Славы, 1;Ленинградская область;Кировский район;Кировск;бульвар Партизанской Славы;1;0;1;28.8;18;3;0.444;0.074;12;17;0;0;0;0;0;1;2021;2;0;59.885638;30.990359;1;0;1;0;1;0;0;1;0;1;1;0;1;0;0;0.5;2.7;1;2
https://www.cian.ru/sale/flat/283585610;c_283585610;3800000;2023-02-11;3700000;2023-05-16;0.974;94;128027.68;0.961;0.964;0.964;0.835;0.805;2978278;103054.6;1;1;Ленинградская область, Кировский район, Кировск, бульвар Партизанской Славы, 1;Ленинградская область;Кировский район;Кировск;бульвар Партизанской Славы;1;0;1;28.9;20;2;0.494;0.049;15;17;0;0;0;0;0;1;2021;2;0;59.885638;30.990359;1;0;1;0;1;0;0;1;0;1;1;0;1;0;0;0.5;2.7;1;1
https://www.cian.ru/sale/flat/286507873;c_286507873;3850000;2023-04-21;3799000;2023-05-16;0.987;25;117981.37;0.981;0.964;0.964;0.835;0.805;3057967.06;94967.92;1;1;Ленинградская область, Кировский район, Кировск, бульвар Партизанской Славы, 6;Ленинградская область;Кировский район;Кировск;бульвар Партизанской Славы;6;1;1;32.2;17.6;6.2;0.435;0.153;3;9;0;0;1;0;0;0;1986;37;0;59.885598;30.993539;0;0;1;0;1;0;0;0;0;0;0;1;0;0;0;1;2.6;0;1
https://www.cian.ru/sale/flat/283574485;c_283574485;3960000;2023-02-11;3800000;2023-05-16;0.96;94;140221.4;0.961;0.964;0.96;0.835;0.802;3046080;112401.48;0;1;Ленинградская область, Кировский район, Кировск, Новая улица, 23;Ленинградская область;Кировский район;Кировск;Новая улица;23;0;1;27.1;17.4;2.1;0.43;0.052;4;9;0;0;0;0;0;1;2019;4;0;59.878468;31.004885;0;0;1;0;1;0;0;1;0;1;1;0;0;0;1;0.5;2.7;1;0
https://www.cian.ru/sale/flat/281908698;c_281908698;4350000;2022-12-29;4350000;2023-05-16;1;138;106356.97;0.955;0.964;0.964;0.835;0.805;3501489;85610.98;0;1;Ленинградская область, Кировский район, Кировск, улица Кирова, 26;Ленинградская область;Кировский район;Кировск;улица Кирова;26;2;0;40.9;27.3;6;0.674;0.148;2;5;0;0;0;1;0;0;1968;55;1;59.872521;30.995659;1;0;1;0;1;0;0;0;1;1;1;0;0;1;0;1;2.6;0;0
https://www.cian.ru/sale/flat/279132088;c_279132088;4400000;2023-04-26;4400000;2023-05-16;1;20;162962.96;0.985;0.964;0.964;0.835;0.805;3541736;131175.41;1;0;Ленинградская область, Кировский район, Кировск, Набережная улица, 19;Ленинградская область;Кировский район;Кировск;Набережная улица;19;0;1;27;14;5;0.346;0.123;13;17;0;0;0;0;0;1;2015;8;1;59.877931;30.98284;1;0;1;0;1;0;0;0;1;1;1;0;0;1;0;0.5;2.7;1;2
https://www.cian.ru/sale/flat/283448862;c_283448862;4730000;2023-02-08;4580000;2023-05-16;0.968;97;75081.97;0.961;0.964;0.964;0.835;0.805;3686625.2;60436.48;0;1;Ленинградская область, Кировский район, Кировск, улица Победы, 3;Ленинградская область;Кировский район;Кировск;улица Победы;3;2;1;61;37;12.3;0.914;0.304;4;4;0;1;0;1;0;0;1933;90;0;59.874097;30.984179;0;1;1;0;1;0;0;0;1;1;1;0;0;1;0;0.5;3.15;0;0
https://www.cian.ru/sale/flat/283947608;c_283947608;4900000;2023-02-20;4600000;2023-05-16;0.939;85;138972.81;0.963;0.964;0.939;0.835;0.784;3606699;108963.72;1;0;Ленинградская область, Кировский район, Кировск, Набережная улица, 19;Ленинградская область;Кировский район;Кировск;Набережная улица;19;1;1;33.1;16.5;8.2;0.407;0.202;17;17;0;1;0;0;0;1;2015;8;1;59.877931;30.98284;1;0;1;0;1;0;0;0;1;1;1;1;0;0;0;0.5;2.75;1;2
https://www.cian.ru/sale/flat/286398931;c_286398931;5100000;2023-04-18;4990000;2023-05-16;0.978;28;115509.26;0.98;0.964;0.964;0.835;0.805;4016650.6;92978.02;1;1;Ленинградская область, Кировский район, Кировск, Ладожская улица, 20;Ленинградская область;Кировский район;Кировск;Ладожская улица;20;2;1;43.2;26.5;6.1;0.654;0.151;8;9;0;0;0;0;1;0;1984;39;0;59.886343;31.001193;0;0;0;1;0;0;0;1;0;1;1;0;1;0;0;1;2.6;0;1
https://www.cian.ru/sale/flat/285745444;c_285745444;5000000;2023-05-01;5000000;2023-05-16;1;15;97087.38;0.989;0.964;0.964;0.835;0.805;4024700;78149.51;0;1;Ленинградская область, Кировский район, Кировск, Северная улица, 3;Ленинградская область;Кировский район;Кировск;Северная улица;3;2;1;51.5;30;6.8;0.741;0.168;8;9;0;0;0;0;1;0;1977;46;0;59.889164;30.994285;0;0;1;0;1;0;0;1;0;1;1;0;1;0;0;1;2.6;0;1
https://www.cian.ru/sale/flat/262148973;c_262148973;5730000;2021-08-12;5150000;2023-05-16;0.899;642;85690.52;0.932;0.964;0.899;0.835;0.751;3865924.75;64324.87;0;1;Ленинградская область, Кировский район, Кировск, улица Победы, 7;Ленинградская область;Кировский район;Кировск;улица Победы;7;3;1;60.1;40.8;9.3;1.007;0.23;1;4;1;0;1;0;0;0;1933;90;1;59.873568;30.986946;0;0;1;0;1;0;0;0;0;0;0;1;0;0;0;1;3.15;0;0
https://www.cian.ru/sale/flat/274206610;c_274206610;5900000;2022-01-06;5300000;2023-05-16;0.898;495;87748.34;0.936;0.964;0.898;0.835;0.75;3974099;65796.34;1;1;Ленинградская область, Кировский район, Кировск, Набережная улица, 11;Ленинградская область;Кировский район;Кировск;Набережная улица;11;3;1;60.4;40.7;6;1.005;0.148;4;5;0;0;0;1;0;0;1979;44;0;59.883647;30.986622;0;0;1;0;1;0;0;1;0;1;1;0;0;1;0;1;2.6;0;0
https://www.cian.ru/sale/flat/279334039;c_279334039;6500000;2022-10-20;5600000;2023-05-16;0.862;208;70528.97;0.949;0.964;0.862;0.835;0.72;4030712;50764.63;1;1;Ленинградская область, Кировский район, Кировск, Железнодорожная улица, 2;Ленинградская область;Кировский район;Кировск;Железнодорожная улица;2;4;1;79.4;52.3;7.3;1.291;0.18;4;4;0;1;0;0;1;0;1984;39;0;59.866517;30.98514;0;0;0;1;0;0;0;0;0;0;0;0;0;1;0;1;2.55;0;0
https://www.cian.ru/sale/flat/273644619;c_273644619;7200000;2022-05-18;5600000;2023-05-16;0.778;363;98245.61;0.94;0.964;0.778;0.835;0.65;3637928;63823.3;0;1;Ленинградская область, Кировский район, Кировск, Ладожская улица, 10;Ленинградская область;Кировский район;Кировск;Ладожская улица;10;2;1;57;31.1;14;0.768;0.346;1;5;1;0;0;0;1;0;1992;31;1;59.882568;30.995902;0;0;1;0;1;0;0;1;0;1;2;0;1;0;0;1;2.6;0;0
https://www.cian.ru/sale/flat/287047613;c_287047613;6190000;2023-05-11;6190000;2023-05-16;1;5;103166.67;1.006;0.964;0.964;0.835;0.805;4982578.6;83042.98;1;1;Ленинградская область, Кировский район, Кировск, Ладожская улица, 20;Ленинградская область;Кировский район;Кировск;Ладожская улица;20;3;1;60;43;6;1.062;0.148;5;6;0;0;0;0;1;0;1984;39;0;59.886343;31.001193;0;0;1;0;1;0;0;1;0;1;1;0;0;1;0;1;2.6;0;1
https://www.cian.ru/sale/flat/285517915;c_285517915;6250000;2023-03-29;6250000;2023-05-16;1;48;94984.8;0.971;0.964;0.964;0.835;0.805;5030875;76457.07;1;1;Ленинградская область, Кировский район, Кировск, Северная улица, 17;Ленинградская область;Кировский район;Кировск;Северная улица;17;3;0;65.8;43;9.5;1.062;0.235;6;9;0;0;0;0;1;0;1981;42;0;59.888049;30.99892;0;0;1;0;1;0;0;0;1;1;1;0;0;1;0;1;2.5;0;1
https://www.cian.ru/sale/flat/287197458;c_287197458;6400000;2023-05-12;6400000;2023-05-16;1;4;106666.67;1.01;0.964;0.964;0.835;0.805;5151616;85860.27;1;1;Ленинградская область, Кировский район, Кировск, Набережная улица, 1к2;Ленинградская область;Кировский район;Кировск;Набережная улица;1к2;3;0;60;42.6;6.1;1.052;0.151;3;5;0;0;0;1;0;0;1971;52;0;59.888717;30.991698;0;0;1;0;1;0;0;1;0;1;1;0;0;1;0;1;2.6;0;0
https://www.cian.ru/sale/flat/286366415;c_286366415;6400000;2023-05-13;6400000;2023-05-16;1;3;96823;1.014;0.964;0.964;0.835;0.805;5151616;77936.7;0;1;Ленинградская область, Кировский район, Кировск, бульвар Партизанской Славы, 6;Ленинградская область;Кировский район;Кировск;бульвар Партизанской Славы;6;3;1;66.1;42.4;10.1;1.047;0.249;9;9;0;1;1;0;0;0;1986;37;0;59.885598;30.993539;0;1;0;1;0;0;0;1;0;1;1;0;1;0;0;1;2.6;0;0
https://www.cian.ru/sale/flat/285300565;c_285300565;6500000;2023-04-26;6500000;2023-05-16;1;20;111876.08;0.985;0.964;0.964;0.835;0.805;5232110;90053.53;0;1;Ленинградская область, Кировский район, Кировск, Набережная улица, 11;Ленинградская область;Кировский район;Кировск;Набережная улица;11;3;1;58.1;38.1;6.5;0.941;0.16;5;5;0;1;0;1;0;0;1979;44;1;59.883647;30.986622;1;0;1;0;1;0;0;1;0;1;1;0;0;1;0;1;2.6;0;0
https://www.cian.ru/sale/flat/283773431;c_283773431;7300000;2023-05-10;7300000;2023-05-16;1;6;102240.9;1.003;0.964;0.964;0.835;0.805;5876062;82297.79;0;1;Ленинградская область, Кировский район, Кировск, улица Кирова, 15;Ленинградская область;Кировский район;Кировск;улица Кирова;15;3;0;71.4;42.3;7.6;1.044;0.188;1;2;1;0;0;1;0;0;1951;72;1;59.872968;30.991437;0;0;3;0;0;0;1;0;0;0;0;0;0;1;0;1;3.15;0;0
https://www.cian.ru/sale/flat/285631715;c_285631715;7900000;2023-04-01;7700000;2023-05-16;0.975;45;128333.33;0.972;0.964;0.964;0.835;0.805;6198038;103300.63;0;1;Ленинградская область, Кировский район, Кировск, улица Маяковского, 7;Ленинградская область;Кировский район;Кировск;улица Маяковского;7;3;1;60;39;7.3;0.963;0.18;3;5;0;0;0;1;0;0;1981;42;1;59.873677;30.997375;0;0;1;0;1;0;0;1;0;1;1;0;0;0;1;1;2.6;0;0
https://www.cian.ru/sale/flat/283205455;c_283205455;8990000;2023-02-08;8400000;2023-05-16;0.934;97;115068.49;0.961;0.964;0.934;0.835;0.78;6551076;89740.77;0;1;Ленинградская область, Кировский район, Кировск, Ладожская улица, 8;Ленинградская область;Кировский район;Кировск;Ладожская улица;8;3;1;73;43;8;1.062;0.198;1;5;1;0;0;0;1;0;1994;29;1;59.882934;30.994617;0;0;2;0;0;1;0;1;0;1;1;0;0;1;0;0.5;2.6;0;0
https://www.cian.ru/sale/flat/283448861;c_283448861;8650000;2023-05-10;8650000;2023-05-16;1;6;133076.92;1.003;0.964;0.964;0.835;0.805;6962731;107118.94;1;1;Ленинградская область, Кировский район, Кировск, Набережная улица, 19;Ленинградская область;Кировский район;Кировск;Набережная улица;19;3;1;65;45;14;1.111;0.346;2;16;0;0;0;0;0;1;2015;8;1;59.877931;30.98284;0;1;2;0;0;1;0;0;0;0;0;0;0;1;0;1;2.7;1;1
https://www.cian.ru/sale/flat/283602725;c_283602725;14490000;2023-02-12;12999000;2023-05-16;0.897;93;135406.25;0.961;0.964;0.897;0.835;0.749;9736186;101418.6;1;1;Ленинградская область, Кировский район, Кировск, Набережная улица, 17;Ленинградская область;Кировский район;Кировск;Набережная улица;17;4;1;96;59;14;1.457;0.346;4;17;0;0;0;1;0;0;2013;10;1;59.880252;30.985634;0;0;3;0;0;0;1;1;0;1;2;0;0;1;0;2;2.7;1;0
https://www.cian.ru/sale/flat/287055980;c_287055980;3180000;2023-05-12;3180000;2023-05-16;1;4;126693.23;1.01;0.964;0.964;0.835;0.805;2559709.2;101980.45;1;1;Ленинградская область, Кировский район, Кировск, Советская улица, 41;Ленинградская область;Кировский район;Кировск;Советская улица;41;0;1;25.1;13;5.9;0.321;0.146;3;9;0;0;0;0;1;0;2018;5;0;59.877452;31.005101;0;0;0;1;0;0;0;0;1;1;1;0;0;0;1;0.5;2.7;1;2
https://www.cian.ru/sale/flat/287047609;c_287047609;3700000;2023-05-11;3700000;2023-05-16;1;5;127147.77;1.006;0.964;0.964;0.835;0.805;2978278;102346.32;1;1;Ленинградская область, Кировский район, Кировск, Новая улица, 18;Ленинградская область;Кировский район;Кировск;Новая улица;18;1;1;29.1;16.5;6;0.407;0.148;3;5;0;0;0;0;1;0;1979;44;0;59.882022;30.991626;0;0;1;0;1;0;0;0;1;1;1;0;1;0;0;0.5;2.5;0;0
https://www.cian.ru/sale/flat/285050847;c_285050847;4000000;2023-05-11;4000000;2023-05-16;1;5;99009.9;1.006;0.964;0.964;0.835;0.805;3219760;79697.03;1;1;Ленинградская область, Кировский район, Кировск, улица Кирова, 29;Ленинградская область;Кировский район;Кировск;улица Кирова;29;1;1;40.4;21.1;7.3;0.521;0.18;2;2;0;1;1;0;0;0;1948;75;0;59.871915;30.996189;0;0;0;1;0;0;0;0;0;0;0;0;1;0;0;1;2.98;0;0
https://www.cian.ru/sale/flat/284791266;c_284791266;4700000;2023-03-14;4100000;2023-05-16;0.872;63;89912.28;0.967;0.964;0.872;0.835;0.728;2985292;65466.93;1;1;Ленинградская область, Кировский район, Кировск, улица Горького, 8;Ленинградская область;Кировский район;Кировск;улица Горького;8;2;0;45.6;28.9;5;0.714;0.123;2;5;0;0;0;0;1;0;1968;55;0;59.873153;30.9953;0;0;0;1;0;0;0;0;1;1;1;1;0;0;0;1;2.5;0;0
https://www.cian.ru/sale/flat/284355041;c_284355041;4300000;2023-03-02;4150000;2023-05-16;0.965;75;139730.64;0.965;0.964;0.964;0.835;0.805;3340501;112474.78;1;1;Ленинградская область, Кировский район, Кировск, Набережная улица, 17;Ленинградская область;Кировский район;Кировск;Набережная улица;17;1;1;29.7;14;8;0.346;0.198;16;17;0;0;0;1;0;0;2013;10;0;59.880252;30.985634;1;0;2;0;0;1;0;0;1;1;1;0;1;0;0;0.5;2.7;1;2
https://www.cian.ru/sale/flat/286876315;c_286876315;4200000;2023-05-11;4200000;2023-05-16;1;5;131250;1.006;0.964;0.964;0.835;0.805;3380748;105648.38;1;1;Ленинградская область, Кировский район, Кировск, бульвар Партизанской Славы, 1;Ленинградская область;Кировский район;Кировск;бульвар Партизанской Славы;1;0;1;32;20;3.5;0.494;0.086;3;17;0;0;0;0;0;1;2021;2;0;59.885638;30.990359;0;0;1;0;1;0;0;1;0;1;1;0;1;0;0;0.5;2.7;1;2
https://www.cian.ru/sale/flat/287086595;c_287086595;4400000;2023-05-11;4400000;2023-05-16;1;5;94827.59;1.006;0.964;0.964;0.835;0.805;3541736;76330.52;1;1;Ленинградская область, Кировский район, Кировск, Комсомольская улица, 16;Ленинградская область;Кировский район;Кировск;Комсомольская улица;16;2;1;46.4;29;5.9;0.716;0.146;4;5;0;0;0;1;0;0;1973;50;0;59.873776;30.996513;0;1;0;1;0;0;0;1;0;1;1;0;0;0;1;1;2.5;0;0
https://www.cian.ru/sale/flat/282656861;c_282656861;4800000;2023-01-19;4400000;2023-05-16;0.917;117;134969.33;0.958;0.964;0.917;0.835;0.766;3369058;103345.34;1;1;Ленинградская область, Кировский район, Кировск, Набережная улица, 19;Ленинградская область;Кировский район;Кировск;Набережная улица;19;1;1;32.6;14;8.7;0.346;0.215;7;17;0;0;0;1;0;0;2015;8;1;59.877931;30.98284;1;0;1;0;1;0;0;1;0;1;1;0;0;0;1;0.5;2.7;1;1
https://www.cian.ru/sale/flat/285406457;c_285406457;4500000;2023-04-28;4450000;2023-05-16;0.989;18;114395.89;0.986;0.964;0.964;0.835;0.805;3581983;92081.83;1;1;Ленинградская область, Кировский район, Кировск, улица Энергетиков, 7;Ленинградская область;Кировский район;Кировск;улица Энергетиков;7;1;1;38.9;20;10.9;0.494;0.269;4;5;0;0;0;0;1;0;1984;39;1;59.883489;30.992461;0;0;0;1;0;0;0;0;1;1;1;1;0;0;0;0.5;2.5;0;0
https://www.cian.ru/sale/flat/286392760;c_286392760;4450000;2023-04-18;4250000;2023-05-16;0.955;28;119382.02;0.98;0.964;0.955;0.835;0.797;3389056.25;95198.21;1;1;Ленинградская область, Кировский район, Кировск, бульвар Партизанской Славы, 3;Ленинградская область;Кировский район;Кировск;бульвар Партизанской Славы;3;1;1;35.6;16;9.8;0.395;0.242;7;16;0;0;0;0;1;0;2016;7;1;59.884975;30.992156;0;0;1;0;1;0;0;1;0;1;1;0;1;0;0;1;2.7;1;0
https://www.cian.ru/sale/flat/286876316;c_286876316;4500000;2023-05-11;4500000;2023-05-16;1;5;110837.44;1.006;0.964;0.964;0.835;0.805;3622230;89217.49;1;1;Ленинградская область, Кировский район, Кировск, улица Победы, 4;Ленинградская область;Кировский район;Кировск;улица Победы;4;2;0;40.6;26.6;5.9;0.657;0.146;2;5;0;0;0;1;0;0;1961;62;0;59.87355;30.983074;0;0;0;1;0;0;0;0;0;0;0;0;0;1;0;0.5;2.5;0;0
https://www.cian.ru/sale/flat/268985049;c_268985049;5000000;2023-01-15;4500000;2023-05-16;0.9;121;85388.99;0.957;0.964;0.9;0.835;0.752;3381750;64169.83;0;0;Ленинградская область, Кировский район, Кировск, улица Победы, 11;Ленинградская область;Кировский район;Кировск;улица Победы;11;2;1;52.7;36.4;9.3;0.899;0.23;3;4;0;0;0;1;0;0;1933;90;0;59.873004;30.989587;0;0;0;1;0;0;0;0;1;1;1;1;0;0;0;0.5;3;0;0
https://www.cian.ru/sale/flat/283842724;c_283842724;4700000;2023-02-17;4500000;2023-05-16;0.957;88;119680.85;0.962;0.964;0.957;0.835;0.799;3595927.5;95636.37;1;1;Ленинградская область, Кировский район, Кировск, Набережная улица, 17;Ленинградская область;Кировский район;Кировск;Набережная улица;17;1;1;37.6;22.3;6.5;0.551;0.16;7;17;0;0;0;1;0;0;2013;10;0;59.880252;30.985634;1;0;1;0;1;0;0;0;0;0;0;1;0;0;0;0.5;2.7;1;2
https://www.cian.ru/sale/flat/278588779;c_278588779;4590000;2022-09-24;4700000;2023-05-16;1.024;234;130193.91;0.947;0.964;0.964;0.835;0.805;3783218;104798.28;1;1;Ленинградская область, Кировский район, Кировск, Набережная улица, 19;Ленинградская область;Кировский район;Кировск;Набережная улица;19;1;1;36.1;15.5;6.9;0.383;0.17;10;17;0;0;0;0;0;1;2015;8;0;59.877931;30.98284;0;0;1;0;1;0;0;1;0;1;1;0;0;1;0;0.5;2.8;1;1
https://www.cian.ru/sale/flat/287016742;c_287016742;4790000;2023-05-04;4790000;2023-05-16;1;12;139650.15;0.993;0.964;0.964;0.835;0.805;3855662.6;112409.99;1;1;Ленинградская область, Кировский район, Кировск, Набережная улица, 5;Ленинградская область;Кировский район;Кировск;Набережная улица;5;0;1;34.3;20;4;0.494;0.099;10;18;0;0;0;0;0;1;2014;9;1;59.886045;30.988401;1;0;2;0;0;1;0;1;0;1;1;1;0;0;0;0.5;2.7;1;2
https://www.cian.ru/sale/flat/285994311;c_285994311;5000000;2023-04-10;4800000;2023-05-16;0.96;36;96000;0.976;0.964;0.96;0.835;0.802;3847680;76953.6;1;0;Ленинградская область, Кировский район, Кировск, Новая улица, 3;Ленинградская область;Кировский район;Кировск;Новая улица;3;2;1;50;30;8;0.741;0.198;4;9;0;0;0;0;1;0;1981;42;0;59.880717;30.988724;0;0;1;0;1;0;0;1;0;1;1;0;1;0;0;1;2.6;0;1
https://www.cian.ru/sale/flat/281047457;c_281047457;4600000;2022-07-12;4800000;2023-05-16;1.043;308;103225.81;0.943;0.964;0.964;0.835;0.805;3863712;83090.58;1;1;Ленинградская область, Кировский район, Кировск, Молодежная улица, 16;Ленинградская область;Кировский район;Кировск;Молодежная улица;16;2;1;46.5;32;7.5;0.79;0.185;4;5;0;0;0;0;1;0;1982;41;0;59.887015;30.998911;0;0;0;1;0;0;0;0;1;1;2;1;0;0;0;1;2.6;0;0
https://www.cian.ru/sale/flat/286089886;c_286089886;5600000;2023-04-12;4900000;2023-05-16;0.875;34;106753.81;0.977;0.964;0.875;0.835;0.731;3580062.5;77997;1;1;Ленинградская область, Кировский район, Кировск, улица Маяковского, 9;Ленинградская область;Кировский район;Кировск;улица Маяковского;9;2;1;45.9;29;5.5;0.716;0.136;1;5;1;0;0;1;0;0;1971;52;0;59.8743;30.997177;0;1;1;0;1;0;0;0;0;0;0;0;1;0;0;1;2.55;0;0
https://www.cian.ru/sale/flat/286615937;c_286615937;5700000;2023-04-24;5100000;2023-05-16;0.895;22;102409.64;0.983;0.964;0.895;0.835;0.747;3811357.5;76533.28;1;1;Ленинградская область, Кировский район, Кировск, Комсомольская улица, 7;Ленинградская область;Кировский район;Кировск;Комсомольская улица;7;2;1;49.8;28.4;6.1;0.701;0.151;2;2;0;1;0;1;0;0;1954;69;1;59.874883;30.993611;0;1;1;0;1;0;0;0;1;1;1;0;0;0;1;1;2.5;0;0
https://www.cian.ru/sale/flat/285715688;c_285715688;5300000;2023-04-04;5199000;2023-05-16;0.981;42;115790.65;0.973;0.964;0.964;0.835;0.805;4184883.06;93204.52;1;1;Ленинградская область, Кировский район, Кировск, улица Горького, 10;Ленинградская область;Кировский район;Кировск;улица Горького;10;2;1;44.9;28.6;5.5;0.706;0.136;2;5;0;0;0;1;0;0;1976;47;1;59.873871;30.995659;0;0;1;0;1;0;0;0;1;1;1;0;1;0;0;0.5;2.5;0;0
https://www.cian.ru/sale/flat/286005331;c_286005331;5890000;2023-04-10;5290000;2023-05-16;0.898;36;86721.31;0.976;0.964;0.898;0.835;0.75;3966600.7;65026.24;0;1;Ленинградская область, Кировский район, Кировск, Ладожская улица, 20;Ленинградская область;Кировский район;Кировск;Ладожская улица;20;3;1;61;43;6.1;1.062;0.151;6;9;0;0;0;0;1;0;1984;39;1;59.886343;31.001193;0;0;1;0;1;0;0;1;0;1;1;0;1;0;0;1;2.6;0;1
https://www.cian.ru/sale/flat/286300698;c_286300698;5550000;2023-04-16;5300000;2023-05-16;0.955;30;117777.78;0.979;0.964;0.955;0.835;0.797;4226352.5;93918.94;1;1;Ленинградская область, Кировский район, Кировск, Набережная улица, 5;Ленинградская область;Кировский район;Кировск;Набережная улица;5;1;1;45;13.2;7.8;0.326;0.193;6;16;0;0;0;0;0;1;2014;9;0;59.886045;30.988401;1;0;1;0;1;0;0;1;0;1;1;1;0;0;0;0.5;2.7;1;2
https://www.cian.ru/sale/flat/284977905;c_284977905;5400000;2023-05-11;5400000;2023-05-16;1;5;90604.03;1.006;0.964;0.964;0.835;0.805;4346676;72930.81;1;0;Ленинградская область, Кировский район, Кировск, Набережная улица, 1к2;Ленинградская область;Кировский район;Кировск;Набережная улица;1к2;3;1;59.6;42;6.1;1.037;0.151;2;5;0;0;0;1;0;0;1971;52;0;59.888717;30.991698;0;0;0;1;0;0;0;0;1;1;1;0;0;1;0;1;2.5;0;0
https://www.cian.ru/sale/flat/284853390;c_284853390;5400000;2023-05-12;5400000;2023-05-16;1;4;101313.32;1.01;0.964;0.964;0.835;0.805;4346676;81551.14;0;1;Ленинградская область, Кировский район, Кировск, бульвар Партизанской Славы, 8;Ленинградская область;Кировский район;Кировск;бульвар Партизанской Славы;8;2;1;53.3;29;9;0.716;0.222;4;5;0;0;0;0;1;0;1984;39;0;59.885954;30.996315;0;0;1;0;1;0;0;1;0;1;1;0;0;1;0;1;2.5;0;0
https://www.cian.ru/sale/flat/285406460;c_285406460;5650000;2023-03-28;5599000;2023-05-16;0.991;49;104850.19;0.971;0.964;0.964;0.835;0.805;4506859.06;84398.11;0;1;Ленинградская область, Кировский район, Кировск, Набережная улица, 13;Ленинградская область;Кировский район;Кировск;Набережная улица;13;3;0;53.4;33.9;6.5;0.837;0.16;5;5;0;1;0;1;0;0;1978;45;0;59.882654;30.986146;0;0;1;0;1;0;0;0;0;0;0;0;0;1;0;1;2.5;0;0
https://www.cian.ru/sale/flat/285015281;c_285015281;5600000;2023-05-12;5600000;2023-05-16;1;4;92868.99;1.01;0.964;0.964;0.835;0.805;4507664;74753.96;0;1;Ленинградская область, Кировский район, Кировск, Новая улица, 7;Ленинградская область;Кировский район;Кировск;Новая улица;7;3;0;60.3;43.4;6.2;1.072;0.153;1;9;1;0;1;0;0;0;1976;47;0;59.880302;30.990108;0;1;0;1;0;0;0;1;0;1;1;0;0;1;0;1;2.5;0;1
https://www.cian.ru/sale/flat/282203261;c_282203261;6200000;2023-01-09;5950000;2023-05-16;0.96;127;94444.44;0.957;0.964;0.96;0.835;0.802;4769520;75706.67;1;1;Ленинградская область, Кировский район, Кировск, Новая улица, 7;Ленинградская область;Кировский район;Кировск;Новая улица;7;3;1;63;45;7.5;1.111;0.185;2;9;0;0;1;0;0;0;1976;47;1;59.880302;30.990108;0;0;1;0;1;0;0;0;1;1;1;0;0;0;1;0.5;2.6;0;1
https://www.cian.ru/sale/flat/286960808;c_286960808;6300000;2023-05-11;6300000;2023-05-16;1;5;106598.98;1.006;0.964;0.964;0.835;0.805;5071122;85805.79;0;1;Ленинградская область, Кировский район, Кировск, Набережная улица, 1к4;Ленинградская область;Кировский район;Кировск;Набережная улица;1к4;3;1;59.1;41;6.2;1.012;0.153;3;5;0;0;0;1;0;0;1975;48;0;59.88776;30.990512;0;0;1;0;1;0;0;0;1;1;1;0;0;1;0;1;2.5;0;0
https://www.cian.ru/sale/flat/285624292;c_285624292;6500000;2023-04-01;6400000;2023-05-16;0.985;45;101265.82;0.972;0.964;0.964;0.835;0.805;5151616;81512.91;1;1;Ленинградская область, Кировский район, Кировск, Набережная улица, 3;Ленинградская область;Кировский район;Кировск;Набережная улица;3;4;1;63.2;46.3;6.3;1.143;0.156;5;5;0;1;0;1;0;0;1968;55;0;59.886627;30.989946;0;0;0;1;0;0;0;0;0;0;0;0;0;1;0;1;2.5;0;0
https://www.cian.ru/sale/flat/284408948;c_284408948;6480000;2023-03-03;6450000;2023-05-16;0.995;74;104707.79;0.965;0.964;0.964;0.835;0.805;5191863;84283.49;1;1;Ленинградская область, Кировский район, Кировск, Новая улица, 7;Ленинградская область;Кировский район;Кировск;Новая улица;7;3;1;61.6;43.4;6;1.072;0.148;9;9;0;1;1;0;0;0;1976;47;0;59.880302;30.990108;1;0;1;0;1;0;0;0;1;1;1;0;0;1;0;1;2.5;0;1
https://www.cian.ru/sale/flat/286960812;c_286960812;6500000;2023-05-11;6500000;2023-05-16;1;5;125000;1.006;0.964;0.964;0.835;0.805;5232110;100617.5;1;0;Ленинградская область, Кировский район, Кировск, Новая улица, 25;Ленинградская область;Кировский район;Кировск;Новая улица;25;2;1;52;32.9;10.2;0.812;0.252;7;9;0;0;0;0;0;1;2019;4;1;59.878518;31.006223;0;0;2;0;0;1;0;0;1;1;1;0;1;0;0;0.5;2.7;1;1
https://www.cian.ru/sale/flat/286960810;c_286960810;6549000;2023-05-11;6549000;2023-05-16;1;5;124505.7;1.006;0.964;0.964;0.835;0.805;5271552.06;100219.62;1;1;Ленинградская область, Кировский район, Кировск, Советская улица, 41;Ленинградская область;Кировский район;Кировск;Советская улица;41;2;1;52.6;27.7;8.2;0.684;0.202;5;9;0;0;0;0;1;0;2018;5;1;59.877452;31.005101;0;1;1;0;1;0;0;0;0;0;0;0;0;1;0;1;2.7;1;1
https://www.cian.ru/sale/flat/286539931;c_286539931;6600000;2023-05-10;6600000;2023-05-16;1;6;110552.76;1.003;0.964;0.964;0.835;0.805;5312604;88988.34;1;1;Ленинградская область, Кировский район, Кировск, бульвар Партизанской Славы, 1;Ленинградская область;Кировский район;Кировск;бульвар Партизанской Славы;1;2;1;59.7;32;10.7;0.79;0.264;3;17;0;0;0;0;0;1;2021;2;0;59.885638;30.990359;0;1;0;1;0;0;0;1;0;1;2;0;0;1;0;1;2.7;1;2
https://www.cian.ru/sale/flat/272615616;c_272615616;6800000;2023-04-19;6750000;2023-05-16;0.993;27;173969.07;0.98;0.964;0.964;0.835;0.805;5433345;140034.66;1;1;Ленинградская область, Кировский район, Кировск, Набережная улица, 5;Ленинградская область;Кировский район;Кировск;Набережная улица;5;1;1;38.8;13;15;0.321;0.37;14;18;0;0;0;0;0;1;2014;9;1;59.886045;30.988401;1;0;1;0;1;0;0;1;0;1;1;0;1;0;0;0.5;2.7;1;1
https://www.cian.ru/sale/flat/281603907;c_281603907;7500000;2022-12-21;6800000;2023-05-16;0.907;146;106918.24;0.954;0.964;0.907;0.835;0.757;5149946;80973.99;1;1;Ленинградская область, Кировский район, Кировск, бульвар Партизанской Славы, 6;Ленинградская область;Кировский район;Кировск;бульвар Партизанской Славы;6;3;1;63.6;41.5;10.3;1.025;0.254;9;9;0;1;1;0;0;0;1986;37;0;59.885598;30.993539;0;0;1;0;1;0;0;1;0;1;1;0;0;1;0;1;2.6;0;2
https://www.cian.ru/sale/flat/267275559;c_267275559;7100000;2022-12-11;6800000;2023-05-16;0.958;156;103030.3;0.953;0.964;0.958;0.835;0.8;5439524;82417.03;0;1;Ленинградская область, Кировский район, Кировск, Набережная улица, 1к1;Ленинградская область;Кировский район;Кировск;Набережная улица;1к1;3;1;66;38;18;0.938;0.444;1;5;1;0;0;1;0;0;1971;52;1;59.889327;30.992569;0;0;3;0;0;0;1;0;0;0;0;0;1;0;0;0.5;2.6;0;0
https://www.cian.ru/sale/flat/286532030;c_286532030;7300000;2023-05-02;7300000;2023-05-16;1;14;121666.67;0.99;0.964;0.964;0.835;0.805;5876062;97934.37;0;1;Ленинградская область, Кировский район, Кировск, Ладожская улица, 20;Ленинградская область;Кировский район;Кировск;Ладожская улица;20;3;0;60;42.8;6.1;1.057;0.151;2;9;0;0;1;0;0;0;1984;39;0;59.886343;31.001193;0;0;1;0;1;0;0;1;0;1;1;0;0;1;0;1;2.6;0;0
https://www.cian.ru/sale/flat/282683611;c_282683611;8200000;2023-01-20;7600000;2023-05-16;0.927;116;105849.58;0.958;0.964;0.927;0.835;0.774;5882742;81932.34;0;1;Ленинградская область, Кировский район, Кировск, улица Энергетиков, 3;Ленинградская область;Кировский район;Кировск;улица Энергетиков;3;3;1;71.8;44;8.5;1.086;0.21;1;5;1;0;0;0;1;0;1992;31;0;59.883088;30.991033;0;0;1;0;1;0;0;0;1;1;1;0;0;1;0;1;2.7;0;0
https://www.cian.ru/sale/flat/263224801;c_263224801;6760000;2021-09-01;7700000;2023-05-16;1.139;622;75490.2;0.932;0.964;0.964;0.835;0.805;6198038;60765.08;0;1;Ленинградская область, Кировский район, Кировск, Новая улица, 38;Ленинградская область;Кировский район;Кировск;Новая улица;38;5;1;102;76;8;1.877;0.198;5;9;0;0;0;1;0;0;1975;48;0;59.879936;30.999962;0;0;1;0;1;0;0;0;1;1;1;0;0;1;0;2;2.5;0;1
https://www.cian.ru/sale/flat/282982280;c_282982280;9000000;2023-04-24;9000000;2023-05-16;1;22;128388.02;0.983;0.964;0.964;0.835;0.805;7244460;103344.65;0;1;Ленинградская область, Кировский район, Кировск, Набережная улица, 19;Ленинградская область;Кировский район;Кировск;Набережная улица;19;3;1;70.1;44;12.2;1.086;0.301;13;17;0;0;0;0;0;1;2015;8;0;59.877931;30.98284;1;0;1;0;1;0;0;1;0;1;2;0;0;1;0;1;2.7;1;1
https://www.cian.ru/sale/flat/284332241;c_284332241;16500000;2023-03-02;15450000;2023-05-16;0.936;75;154500;0.965;0.964;0.936;0.835;0.782;12075102;120751.02;0;1;Ленинградская область, Кировский район, Кировск, Набережная улица, 17;Ленинградская область;Кировский район;Кировск;Набережная улица;17;4;1;100;46.2;25;1.141;0.617;4;9;0;0;0;1;0;0;2013;10;1;59.880252;30.985634;0;1;3;0;0;0;1;1;0;1;2;0;0;1;0;2;2.8;1;1
https://www.cian.ru/sale/flat/279156080;c_279156080;3250000;2022-10-14;3150000;2023-05-16;0.969;214;126000;0.948;0.964;0.964;0.835;0.805;2535561;101422.44;1;1;Ленинградская область, Кировский район, Кировск, Советская улица, 41;Ленинградская область;Кировский район;Кировск;Советская улица;41;0;1;25;19.9;3;0.491;0.074;3;10;0;0;0;0;1;0;2018;5;0;59.877452;31.005101;0;0;1;0;1;0;0;0;0;0;0;0;1;0;0;0.5;2.7;1;2
https://www.cian.ru/sale/flat/283520699;c_283520699;4400000;2023-02-10;3950000;2023-05-16;0.898;95;86622.81;0.961;0.964;0.898;0.835;0.75;2961828.5;64952.38;1;1;Ленинградская область, Кировский район, Кировск, улица Победы, 1;Ленинградская область;Кировский район;Кировск;улица Победы;1;2;1;45.6;27.1;8;0.669;0.198;1;4;1;0;1;0;0;0;1933;90;0;59.874363;30.982858;0;0;1;0;1;0;0;0;0;0;0;0;1;0;0;0.5;3.15;0;0
https://www.cian.ru/sale/flat/274503825;c_274503825;4150000;2023-05-01;4150000;2023-05-16;1;15;127300.61;0.989;0.964;0.964;0.835;0.805;3340501;102469.36;1;1;Ленинградская область, Кировский район, Кировск, Набережная улица, 19;Ленинградская область;Кировский район;Кировск;Набережная улица;19;1;1;32.6;14;9;0.346;0.222;3;17;0;0;0;0;0;1;2015;8;0;59.877931;30.98284;1;0;1;0;1;0;0;1;0;1;1;1;0;0;0;0.5;2.7;1;1
https://www.cian.ru/sale/flat/284152024;c_284152024;4350000;2023-04-24;4350000;2023-05-16;1;22;97315.44;0.983;0.964;0.964;0.835;0.805;3501489;78333.09;1;1;Ленинградская область, Кировский район, Кировск, Молодежная улица, 7к1;Ленинградская область;Кировский район;Кировск;Молодежная улица;7к1;1;1;44.7;17.1;14.2;0.422;0.351;5;5;0;1;0;0;1;0;1994;29;0;59.88674;30.995659;0;0;1;0;1;0;0;0;1;1;1;0;1;0;0;1;2.5;0;0
https://www.cian.ru/sale/flat/281800634;c_281800634;4800000;2022-12-26;4500000;2023-05-16;0.938;141;125348.19;0.955;0.964;0.938;0.835;0.783;3524535;98176.46;1;1;Ленинградская область, Кировский район, Кировск, Набережная улица, 17;Ленинградская область;Кировский район;Кировск;Набережная улица;17;1;1;35.9;21.3;9;0.526;0.222;3;17;0;0;0;1;0;0;2013;10;1;59.880252;30.985634;0;1;1;0;1;0;0;0;0;0;0;0;0;1;0;0.5;2.7;1;1
https://www.cian.ru/sale/flat/276833136;c_276833136;4900000;2022-08-07;4600000;2023-05-16;0.939;282;105504.59;0.944;0.964;0.939;0.835;0.784;3606699;82722.45;1;1;Ленинградская область, Кировский район, Кировск, улица Победы, 14;Ленинградская область;Кировский район;Кировск;улица Победы;14;2;0;43.6;35;5.6;0.864;0.138;3;5;0;0;0;1;0;0;1968;55;0;59.872006;30.990692;0;0;1;0;1;0;0;0;0;0;0;0;0;1;0;1;2.5;0;0
https://www.cian.ru/sale/flat/280038284;c_280038284;4500000;2022-11-13;4400000;2023-05-16;0.978;184;148148.15;0.951;0.964;0.964;0.835;0.805;3541736;119250.37;1;0;Ленинградская область, Кировский район, Кировск, Набережная улица, 19;Ленинградская область;Кировский район;Кировск;Набережная улица;19;1;1;29.7;15.5;7.5;0.383;0.185;10;17;0;0;0;0;0;1;2015;8;1;59.877931;30.98284;1;0;1;0;1;0;0;0;1;1;1;1;0;0;0;0.5;2.7;1;2
https://www.cian.ru/sale/flat/279458247;c_279458247;5300000;2022-10-25;4600000;2023-05-16;0.868;203;138972.81;0.949;0.964;0.868;0.835;0.725;3333988;100724.71;1;1;Ленинградская область, Кировский район, Кировск, Набережная улица, 19;Ленинградская область;Кировский район;Кировск;Набережная улица;19;1;1;33.1;16.5;8.5;0.407;0.21;17;17;0;1;0;0;0;1;2015;8;0;59.877931;30.98284;0;0;1;0;1;0;0;0;1;1;1;1;0;0;0;0.5;2.75;1;2
https://www.cian.ru/sale/flat/279828397;c_279828397;5250000;2022-11-07;4996000;2023-05-16;0.952;190;91838.24;0.95;0.964;0.952;0.835;0.795;3971420.32;73004.05;1;1;Ленинградская область, Кировский район, Кировск, Новая улица, 30;Ленинградская область;Кировский район;Кировск;Новая улица;30;2;1;54.4;32.3;8.4;0.798;0.207;3;5;0;0;0;0;1;0;1985;38;0;59.880618;30.993422;0;1;0;1;0;0;0;1;0;1;1;0;0;1;0;1;2.6;0;0
https://www.cian.ru/sale/flat/282153126;c_282153126;5300000;2023-04-24;5300000;2023-05-16;1;22;123255.81;0.983;0.964;0.964;0.835;0.805;4266182;99213.53;0;1;Ленинградская область, Кировский район, Кировск, бульвар Партизанской Славы, 6;Ленинградская область;Кировский район;Кировск;бульвар Партизанской Славы;6;2;1;43;25;6.2;0.617;0.153;7;9;0;0;1;0;0;0;1986;37;1;59.885598;30.993539;0;0;1;0;1;0;0;1;0;1;1;1;0;0;0;1;2.6;0;1
https://www.cian.ru/sale/flat/276524841;c_276524841;5300000;2023-04-24;5300000;2023-05-16;1;22;115973.74;0.983;0.964;0.964;0.835;0.805;4266182;93351.9;1;1;Ленинградская область, Кировский район, Кировск, улица Маяковского, 9;Ленинградская область;Кировский район;Кировск;улица Маяковского;9;2;1;45.7;27;7.9;0.667;0.195;2;5;0;0;0;1;0;0;1971;52;0;59.8743;30.997177;0;0;1;0;1;0;0;0;1;1;1;0;0;1;0;1;2.6;0;0
https://www.cian.ru/sale/flat/279965073;c_279965073;5700000;2022-11-10;5350000;2023-05-16;0.939;187;108080.81;0.951;0.964;0.939;0.835;0.784;4194747.75;84742.38;0;1;Ленинградская область, Кировский район, Кировск, улица Победы, 5;Ленинградская область;Кировский район;Кировск;улица Победы;5;2;1;49.5;32;9.3;0.79;0.23;3;4;0;0;1;0;0;0;1933;90;1;59.873817;30.985508;0;0;2;0;0;1;0;0;1;1;1;0;0;1;0;0.5;2.5;0;0
https://www.cian.ru/sale/flat/274729822;c_274729822;5800000;2022-06-15;5500000;2023-05-16;0.948;335;99637.68;0.942;0.964;0.948;0.835;0.792;4353690;78871.2;1;1;Ленинградская область, Кировский район, Кировск, Советская улица, 5;Ленинградская область;Кировский район;Кировск;Советская улица;5;3;1;55.2;43.7;9.6;1.079;0.237;4;4;0;1;0;1;0;0;1965;58;1;59.876183;30.991895;0;1;1;0;1;0;0;0;1;1;1;0;0;1;0;0.5;2.6;0;0
https://www.cian.ru/sale/flat/276290965;c_276290965;6100000;2022-07-24;5590000;2023-05-16;0.916;296;125617.98;0.944;0.964;0.916;0.835;0.765;4275567.4;96080.17;1;1;Ленинградская область, Кировский район, Кировск, улица Маяковского, 5;Ленинградская область;Кировский район;Кировск;улица Маяковского;5;2;0;44.5;29.3;5.8;0.723;0.143;5;5;0;1;0;1;0;0;1976;47;1;59.872823;30.996854;0;0;2;0;0;1;0;0;1;1;1;0;0;0;1;1;2.5;0;0
https://www.cian.ru/sale/flat/278766266;c_278766266;5900000;2022-09-30;5550000;2023-05-16;0.941;228;150815.22;0.948;0.964;0.941;0.835;0.786;4360829.25;118500.79;1;1;Ленинградская область, Кировский район, Кировск, бульвар Партизанской Славы, 3;Ленинградская область;Кировский район;Кировск;бульвар Партизанской Славы;3;1;1;36.8;21.8;6.4;0.538;0.158;6;17;0;0;0;0;1;0;2016;7;1;59.884975;30.992156;0;0;2;0;0;1;0;0;0;0;0;0;0;0;1;0.5;2.7;1;1
https://www.cian.ru/sale/flat/285696556;c_285696556;5600000;2023-04-03;5400000;2023-05-16;0.964;43;101886.79;0.973;0.964;0.964;0.835;0.805;4346676;82012.75;1;0;Ленинградская область, Кировский район, Кировск, Новая улица, 17;Ленинградская область;Кировский район;Кировск;Новая улица;17;2;1;53;28.8;8.5;0.711;0.21;4;5;0;0;0;0;1;0;1983;40;1;59.878911;30.998525;0;0;1;0;1;0;0;0;1;1;1;0;0;1;0;1;2.6;0;0
https://www.cian.ru/sale/flat/278200940;c_278200940;6500000;2022-09-13;5600000;2023-05-16;0.862;245;104089.22;0.946;0.964;0.862;0.835;0.72;4030712;74920.3;1;1;Ленинградская область, Кировский район, Кировск, Северная улица, 19;Ленинградская область;Кировский район;Кировск;Северная улица;19;2;1;53.8;28.4;8.4;0.701;0.207;3;5;0;0;0;0;1;0;1987;36;0;59.887584;31.000043;0;0;1;0;1;0;0;1;0;1;1;0;0;1;0;1;2.6;0;0
https://www.cian.ru/sale/flat/285929683;c_285929683;5680000;2023-05-07;5680000;2023-05-16;1;9;113600;0.997;0.964;0.964;0.835;0.805;4572059.2;91441.18;1;1;Ленинградская область, Кировский район, Кировск, Набережная улица, 7;Ленинградская область;Кировский район;Кировск;Набережная улица;7;2;1;50;29.7;8;0.733;0.198;8;9;0;0;0;0;1;0;1979;44;1;59.885002;30.988527;1;0;1;0;1;0;0;0;1;1;1;0;0;0;1;1;2.6;0;1
https://www.cian.ru/sale/flat/276461549;c_276461549;6200000;2022-07-28;5850000;2023-05-16;0.944;292;136046.51;0.944;0.964;0.944;0.835;0.788;4611204;107237.3;1;1;Ленинградская область, Кировский район, Кировск, Новая улица, 23;Ленинградская область;Кировский район;Кировск;Новая улица;23;1;1;43;16;17;0.395;0.42;1;9;1;0;0;0;0;1;2019;4;1;59.878468;31.004885;0;0;2;0;0;1;0;0;0;0;0;0;0;1;0;1;3;1;2
https://www.cian.ru/sale/flat/251445946;c_251445946;7000000;2022-12-08;6750000;2023-05-16;0.964;159;129807.69;0.953;0.964;0.964;0.835;0.805;5433345;104487.4;1;1;Ленинградская область, Кировский район, Кировск, улица Победы, 3;Ленинградская область;Кировский район;Кировск;улица Победы;3;2;1;52;29;8.7;0.716;0.215;1;5;1;0;1;0;0;0;1933;90;0;59.874097;30.984179;0;0;1;0;1;0;0;1;0;1;1;0;0;1;0;1;2.5;0;0
https://www.cian.ru/sale/flat/248283422;c_248283422;10300000;2023-04-24;10300000;2023-05-16;1;22;132051.28;0.983;0.964;0.964;0.835;0.805;8290882;106293.36;1;1;Ленинградская область, Кировский район, Кировск, Набережная улица, 19;Ленинградская область;Кировский район;Кировск;Набережная улица;19;3;1;78;46.3;13.5;1.143;0.333;15;17;0;0;0;0;0;1;2015;8;1;59.877931;30.98284;1;1;1;0;1;0;0;0;1;1;1;0;0;0;1;1;2.7;0;2
https://www.cian.ru/sale/flat/283478650;c_283478650;11900000;2023-02-09;11500000;2023-05-16;0.966;96;129213.48;0.961;0.964;0.964;0.835;0.805;9256810;104009.1;1;1;Ленинградская область, Кировский район, Кировск, Новая улица, 25;Ленинградская область;Кировский район;Кировск;Новая улица;25;3;1;89;77.1;11.9;1.904;0.294;2;9;0;0;0;0;0;1;2019;4;1;59.878518;31.006223;0;1;1;0;1;0;0;0;1;1;2;0;0;1;0;2;2.7;1;1
https://www.cian.ru/sale/flat/286296366;c_286296366;3400000;2023-04-24;3400000;2023-05-16;1;22;107255.52;0.983;0.964;0.964;0.835;0.805;2736796;86334.26;1;1;Ленинградская область, Кировский район, Кировск, улица Пушкина, 4;Ленинградская область;Кировский район;Кировск;улица Пушкина;4;1;1;31.7;17;6;0.42;0.148;4;4;0;1;0;1;0;0;1964;59;0;59.877181;30.99318;0;0;1;0;1;0;0;0;1;1;1;0;1;0;0;1;2.5;0;0
https://www.cian.ru/sale/flat/287074608;c_287074608;3600000;2023-05-09;3600000;2023-05-16;1;7;170616.11;1.001;0.964;0.964;0.835;0.805;2897784;137335.73;1;1;Ленинградская область, Кировский район, Кировск, Набережная улица, 17;Ленинградская область;Кировский район;Кировск;Набережная улица;17;0;1;21.1;12.5;2.3;0.309;0.057;7;17;0;0;0;1;0;0;2013;10;1;59.880252;30.985634;1;0;1;0;1;0;0;0;1;1;1;1;0;0;0;0.5;2.7;1;2
https://www.cian.ru/sale/flat/286854424;c_286854424;4750000;2023-04-29;4499999;2023-05-16;0.947;17;151006.68;0.987;0.964;0.947;0.835;0.791;3558351.71;119407.78;1;1;Ленинградская область, Кировский район, Кировск, Набережная улица, 19;Ленинградская область;Кировский район;Кировск;Набережная улица;19;1;1;29.8;11;13;0.272;0.321;10;17;0;0;0;0;0;1;2015;8;1;59.877931;30.98284;0;0;1;0;1;0;0;0;1;1;1;0;1;0;0;1;2.75;1;2
https://www.cian.ru/sale/flat/287169986;c_287169986;5300000;2023-05-09;5300000;2023-05-16;1;7;125000;1.001;0.964;0.964;0.835;0.805;4266182;100617.5;1;1;Ленинградская область, Кировский район, Кировск, бульвар Партизанской Славы, 1;Ленинградская область;Кировский район;Кировск;бульвар Партизанской Славы;1;1;1;42.4;17.4;9.2;0.43;0.227;13;16;0;0;0;0;0;1;2021;2;0;59.885638;30.990359;1;0;0;1;0;0;0;0;1;1;1;1;0;0;0;0.5;2.55;1;2
